Contact_Id,Name,Phone,Email
1,John Doe,9836277665,johndoe12@gmail.com
2,Mitchel Marsh,9836223423,mitchel123@gmail.com
3,Kelly Blade,9342374627,kelly32@gmail.com
4,Kafka Hibino,9223746238,kafkahibi33@gmail.com
5,Denny Crist,9836243234,dennycrist55@gmail.com
6,Karl Gunst,9836342343,karl55@gmail.com
7,Pat Disel,9623423665,patdisel88@gmail.com
8,James Smith,8427342343,jamessmith65@gmail.com
9,Kushagra,9393939393,kushagraparmar1223@gmail.com
10,Kushagra ,4545454565,kush@gmail.com
11,Rohit,8989232345,rohu123@gmail.com
12,Rohit,3434232345,rho123@gmail.com
